Number,Category,Sub_Category,Topic
1,Food,Recipes & Preparation,"Step-by-step guide to making the perfect adobo, including regional variations and family secrets"
2,Food,Recipes & Preparation,Modern twists on traditional Filipino merienda recipes using locally available ingredients
3,Food,Recipes & Preparation,Budget-friendly meal prep ideas for Filipino working professionals using seasonal market finds
4,Food,Recipes & Preparation,How to create restaurant-quality sinigang using different souring agents and protein options
5,Food,Recipes & Preparation,Complete guide to Filipino preserving techniques: from making atchara to dried fish
6,Food,Recipes & Preparation,Essential Filipino cooking techniques every home cook should master
7,Food,Recipes & Preparation,Creating healthy versions of popular Filipino street food at home
8,Food,Recipes & Preparation,Mastering the art of Filipino bread making: from pandesal to ensaymada
9,Food,Recipes & Preparation,One-pot Filipino recipes for busy families: combining convenience with tradition
10,Food,Recipes & Preparation,Filipino dessert innovations: combining traditional kakanin with modern flavors
11,Food,Recipes & Preparation,Maximizing leftovers in Filipino cooking: creative recipes and storage tips
12,Food,Recipes & Preparation,Guide to Filipino marinades and sauces for grilling and everyday cooking
13,Food,Recipes & Preparation,Essential kitchen tools and equipment for authentic Filipino cooking
14,Food,Recipes & Preparation,Filipino food preservation methods for extending shelf life in tropical weather
15,Food,Recipes & Preparation,Quick and easy Filipino breakfast recipes using pantry staples
16,Food,Recipes & Preparation,Traditional Filipino holiday dishes and their modern interpretations
17,Food,Recipes & Preparation,Filipino soup recipes for different seasons and wellness needs
18,Food,Recipes & Preparation,Guide to cooking Filipino vegetables: from kangkong to malunggay
19,Food,Recipes & Preparation,Filipino party food ideas: scaling recipes for large gatherings
20,Food,Recipes & Preparation,Rice cooking techniques for different Filipino dishes
21,Food,Recipes & Preparation,Filipino noodle dishes: from pancit to modern fusion recipes
22,Food,Culinary Culture,The evolution of Filipino street food culture and how it reflects local community life and values
23,Food,Culinary Culture,Traditional cooking methods passed down through generations in different Philippine regions
24,Food,Culinary Culture,The role of food markets and public markets in preserving Filipino culinary traditions
25,Food,Culinary Culture,How Filipino families maintain their unique family recipes and food traditions
26,Food,Culinary Culture,The influence of Spanish colonial period on modern Filipino cuisine and eating habits
27,Food,Culinary Culture,Regional food festivals in the Philippines and their cultural significance
28,Food,Culinary Culture,The art of Filipino food preservation techniques and their historical importance
29,Food,Culinary Culture,How Filipino breakfast traditions differ across regions and social classes
30,Food,Culinary Culture,The story behind Filipino food presentation and communal dining practices
31,Food,Culinary Culture,The integration of indigenous ingredients in modern Filipino restaurant cuisine
32,Food,Culinary Culture,How Filipino food rituals mark important life events and celebrations
33,Food,Culinary Culture,The evolution of Filipino kitchen tools and cooking equipment through time
34,Food,Culinary Culture,The role of street food vendors in urban Filipino food culture
35,Food,Culinary Culture,How Filipino cooking techniques adapt to overseas ingredients while maintaining authenticity
36,Food,Culinary Culture,The influence of neighboring Asian cuisines on Filipino food culture
37,Food,Culinary Culture,Traditional Filipino food packaging and its environmental impact
38,Food,Culinary Culture,How Filipino restaurants abroad maintain cultural authenticity
39,Food,Culinary Culture,The role of food in Filipino hospitality and social gatherings
40,Food,Culinary Culture,Regional variations of the same Filipino dish and their cultural origins
41,Food,Culinary Culture,How modern Filipino chefs interpret traditional recipes for contemporary diners
42,Food,Culinary Culture,The significance of heirloom recipes in Filipino family heritage
43,Nature,Ecology & Conservation,The role of mangrove forests in protecting Philippine coastal communities from typhoons and their importance for marine biodiversity
44,Nature,Ecology & Conservation,How local communities are working to save endangered Philippine eagles and their forest habitats
45,Nature,Ecology & Conservation,The impact of coral reef restoration projects on marine life and local fishing communities in Palawan
46,Nature,Ecology & Conservation,Traditional Filipino farming practices that promote sustainable agriculture and biodiversity conservation
47,Nature,Ecology & Conservation,"The successful recovery of the Tamaraw, a dwarf buffalo species unique to Mindoro"
48,Nature,Ecology & Conservation,Urban wildlife adaptation in Manila: How native species survive in the city environment
49,Nature,Ecology & Conservation,The connection between Philippine forest conservation and clean water supply for communities
50,Nature,Ecology & Conservation,Marine protected areas in the Philippines: Their effect on fish populations and local livelihoods
51,Nature,Ecology & Conservation,The role of fireflies in indicating environmental health in Philippine ecosystems
52,Nature,Ecology & Conservation,How climate change affects Philippine wildlife migration patterns and breeding seasons
53,Nature,Ecology & Conservation,Conservation efforts to protect sea turtle nesting sites along Philippine beaches
54,Nature,Ecology & Conservation,The importance of wetland preservation for migratory birds in the East Asian Flyway
55,Nature,Ecology & Conservation,Philippine cave ecosystems: Their unique biodiversity and conservation challenges
56,Nature,Ecology & Conservation,The relationship between forest conservation and natural disaster prevention in mountainous regions
57,Nature,Ecology & Conservation,Success stories of community-based marine sanctuaries in rebuilding fish populations
58,Nature,Ecology & Conservation,The impact of sustainable seaweed farming on marine ecosystem health
59,Nature,Ecology & Conservation,How native tree species help prevent soil erosion in Philippine watersheds
60,Nature,Ecology & Conservation,The role of indigenous knowledge in protecting biodiversity hotspots
61,Nature,Ecology & Conservation,Urban butterfly gardens: Creating wildlife corridors in Philippine cities
62,Nature,Ecology & Conservation,The ecological importance of Philippine peat swamps and their conservation
63,Nature,Ecology & Conservation,How local communities benefit from protecting endangered species habitats
64,Nature,Natural Wonders,"The formation and unique features of the Puerto Princesa Underground River, including its rare ecosystem"
65,Nature,Natural Wonders,How the Chocolate Hills in Bohol were formed over millions of years through geological processes
66,Nature,Natural Wonders,The diverse marine life and coral formations in Tubbataha Reefs Natural Park
67,Nature,Natural Wonders,The volcanic activity and sulfur deposits that created Taal Volcano's distinctive landscape
68,Nature,Natural Wonders,The natural rock formations and hidden caves of Sagada's cave system
69,Nature,Natural Wonders,How tarsiers adapted to the specific environment of Bohol's forests
70,Nature,Natural Wonders,The unique ecosystem of Mount Hamiguitan's pygmy forest
71,Nature,Natural Wonders,The formation and preservation of the Hundred Islands in Pangasinan
72,Nature,Natural Wonders,The natural phenomena behind the bioluminescent waters of Palawan
73,Nature,Natural Wonders,The geological history and formation of Mount Mayon's perfect cone shape
74,Nature,Natural Wonders,The rare species and biodiversity in Mount Apo's different elevation zones
75,Nature,Natural Wonders,The creation and evolution of El Nido's limestone cliffs and lagoons
76,Nature,Natural Wonders,The natural processes that formed the white sand beaches of Boracay
77,Nature,Natural Wonders,The unique marine ecosystem of the Verde Island Passage
78,Nature,Natural Wonders,How the rice terraces of Ifugao work with natural water systems
79,Nature,Natural Wonders,The formation of the Twin Lakes of Negros Oriental
80,Nature,Natural Wonders,The natural spring system of Hinatuan Enchanted River
81,Nature,Natural Wonders,The geological features of Pinatubo's crater lake
82,Nature,Natural Wonders,The coral reef formation process in Apo Reef Natural Park
83,Nature,Natural Wonders,The unique biodiversity of Sohoton Cove's ecosystem
84,Nature,Natural Wonders,The natural limestone formations of the Tabon Caves
85,Nature,Wildlife,The unique hunting strategies of Philippine eagles and their role in maintaining forest ecosystems
86,Nature,Wildlife,How monitor lizards adapt to both urban and natural environments in the Philippines
87,Nature,Wildlife,The fascinating life cycle of sea turtles nesting on Philippine beaches
88,Nature,Wildlife,Social behaviors and communication methods of wild Philippine macaques
89,Nature,Wildlife,Survival techniques of endemic Philippine crocodiles in freshwater habitats
90,Nature,Wildlife,Migration patterns of whale sharks visiting Philippine waters
91,Nature,Wildlife,The relationship between Philippine hornbills and forest seed dispersal
92,Nature,Wildlife,Nocturnal wildlife in Philippine forests: from tarsiers to flying lemurs
93,Nature,Wildlife,How Philippine coral reefs support marine wildlife diversity
94,Nature,Wildlife,The role of fruit bats in pollinating native Philippine plants
95,Nature,Wildlife,Dugongs: the gentle giants of Philippine seagrass beds
96,Nature,Wildlife,Unique defense mechanisms of Philippine wildlife species
97,Nature,Wildlife,The impact of mangrove forests on coastal wildlife populations
98,Nature,Wildlife,Symbiotic relationships between cleaner wrasses and larger marine species
99,Nature,Wildlife,How Philippine wildlife adapts to seasonal changes
100,Nature,Wildlife,The hunting and feeding habits of saltwater crocodiles in Philippine waters
101,Nature,Wildlife,Endemic bird species of the Philippines and their unique characteristics
102,Nature,Wildlife,Marine wildlife interactions in Philippine coral triangle ecosystems
103,Nature,Wildlife,The role of Philippine wildlife in maintaining healthy forest systems
104,Nature,Wildlife,How Philippine wildlife species survive in different elevation zones
105,Nature,Wildlife,Survival strategies of Philippine wildlife during extreme weather events
106,Nature,Natural Phenomena,The science behind the Philippines' monsoon seasons and their impact on local ecosystems
107,Nature,Natural Phenomena,Understanding bioluminescent plankton displays in Philippine coastal waters
108,Nature,Natural Phenomena,How underwater volcanic activity shapes the Philippine archipelago
109,Nature,Natural Phenomena,The formation and behavior of waterspouts commonly seen in Philippine waters
110,Nature,Natural Phenomena,Natural salt production through seawater evaporation in coastal areas
111,Nature,Natural Phenomena,The phenomenon of earthquake lights and their occurrences in the Pacific Ring of Fire
112,Nature,Natural Phenomena,Cloud formation patterns unique to tropical regions and their weather implications
113,Nature,Natural Phenomena,The physics behind rainbow formation during the Philippines' rainy season
114,Nature,Natural Phenomena,Underground river systems and their role in Philippine cave formations
115,Nature,Natural Phenomena,Coastal erosion processes and their effects on Philippine beaches
116,Nature,Natural Phenomena,The science of thunder and lightning during tropical storms
117,Nature,Natural Phenomena,How coral reefs naturally rebuild themselves after environmental stress
118,Nature,Natural Phenomena,Mangrove forest ecosystem dynamics and natural coastal protection
119,Nature,Natural Phenomena,Natural hot springs formation in volcanic regions of the Philippines
120,Nature,Natural Phenomena,The relationship between moon phases and ocean tides in Philippine waters
121,Nature,Natural Phenomena,Natural soil formation processes in tropical climates
122,Nature,Natural Phenomena,Wind patterns and their influence on Philippine weather systems
123,Nature,Natural Phenomena,Natural carbon sequestration in Philippine forests and oceans
124,Nature,Natural Phenomena,The formation of natural limestone terraces in Philippine mountains
125,Nature,Natural Phenomena,How river systems naturally maintain their course through sediment transport
126,Nature,Natural Phenomena,The science behind Philippine firefly synchronization in mangrove areas
127,Nature,Plants & Ecosystems,How mangrove forests protect Philippine coastal communities and serve as nurseries for marine life
128,Nature,Plants & Ecosystems,The unique relationship between pitcher plants and insects in Philippine rainforests
129,Nature,Plants & Ecosystems,Traditional Filipino farming methods that preserve soil health and biodiversity
130,Nature,Plants & Ecosystems,The role of bamboo forests in preventing soil erosion and supporting local livelihoods
131,Nature,Plants & Ecosystems,How Philippine coral reefs and seagrass beds form interconnected ecosystems
132,Nature,Plants & Ecosystems,The adaptation strategies of plants in different Philippine elevation zones
133,Nature,Plants & Ecosystems,Native Philippine fruit trees and their importance in local forest ecosystems
134,Nature,Plants & Ecosystems,The recovery of Mount Pinatubo's ecosystem after the volcanic eruption
135,Nature,Plants & Ecosystems,How Philippine mossy forests capture moisture and support unique plant species
136,Nature,Plants & Ecosystems,The ecological importance of Philippine peat swamps in carbon storage
137,Nature,Plants & Ecosystems,Native Philippine orchids and their relationship with host trees
138,Nature,Plants & Ecosystems,The role of forest canopy layers in supporting wildlife diversity
139,Nature,Plants & Ecosystems,How Philippine wetlands filter water and prevent flooding
140,Nature,Plants & Ecosystems,The impact of seasonal changes on Philippine plant life cycles
141,Nature,Plants & Ecosystems,Natural succession in abandoned agricultural lands in the Philippines
142,Nature,Plants & Ecosystems,The relationship between Philippine native trees and soil microorganisms
143,Nature,Plants & Ecosystems,How coastal vegetation protects beaches from erosion
144,Nature,Plants & Ecosystems,The role of Philippine forest understory plants in ecosystem maintenance
145,Nature,Plants & Ecosystems,Native Philippine medicinal plants and their habitat requirements
146,Nature,Plants & Ecosystems,How Philippine mountain plants adapt to high-altitude conditions
147,Nature,Plants & Ecosystems,The interconnected life of epiphytes in Philippine rainforests
148,Travel,Guides & Tips,Essential packing tips for island hopping in the Philippines during different seasons
149,Travel,Guides & Tips,How to plan multi-city trips across Philippine provinces while staying within budget
150,Travel,Guides & Tips,Best practices for booking domestic flights and ferries in the Philippines
151,Travel,Guides & Tips,Local transportation guide: Getting around major Philippine cities like a pro
152,Travel,Guides & Tips,Money-saving strategies for booking accommodations in popular tourist destinations
153,Travel,Guides & Tips,Hidden costs of travel in the Philippines and how to avoid them
154,Travel,Guides & Tips,Safety tips for solo travelers exploring remote Philippine destinations
155,Travel,Guides & Tips,How to communicate effectively with locals when traveling in provincial areas
156,Travel,Guides & Tips,Food safety guidelines while trying street food and local delicacies
157,Travel,Guides & Tips,Practical photography tips for capturing Philippine landscapes and attractions
158,Travel,Guides & Tips,Managing travel expectations: Common tourist challenges in the Philippines
159,Travel,Guides & Tips,Essential Filipino phrases every traveler should know
160,Travel,Guides & Tips,Weather-smart travel planning in the Philippines
161,Travel,Guides & Tips,How to find and book authentic local experiences in Philippine destinations
162,Travel,Guides & Tips,Eco-friendly travel practices for exploring Philippine natural attractions
163,Travel,Guides & Tips,Digital tools and apps that make Philippine travel easier
164,Travel,Guides & Tips,Cultural etiquette guide for visiting different Philippine regions
165,Travel,Guides & Tips,Time management tips for exploring multiple islands in one trip
166,Travel,Guides & Tips,How to handle emergency situations while traveling in the Philippines
167,Travel,Guides & Tips,Budget allocation guide for different types of Philippine vacations
168,Travel,Guides & Tips,Smart strategies for booking tours and activities in Philippine destinations
169,Travel,History & Culture,The evolution of traditional Filipino weaving techniques and their significance in different regions
170,Travel,History & Culture,"Hidden colonial-era tunnels and their stories beneath Intramuros, Manila"
171,Travel,History & Culture,The historical development of Philippine rice terraces beyond Banaue
172,Travel,History & Culture,Ancient trading routes that connected pre-colonial Philippines to other Asian kingdoms
173,Travel,History & Culture,The story of how Filipino cuisine was influenced by galleon trade routes
174,Travel,History & Culture,Traditional boat-building techniques of different Philippine regions
175,Travel,History & Culture,Historical lighthouses of the Philippines and their role in maritime navigation
176,Travel,History & Culture,The development of Filipino traditional martial arts across different provinces
177,Travel,History & Culture,Ancient Filipino writing systems and their regional variations
178,Travel,History & Culture,The evolution of traditional Filipino houses from different regions
179,Travel,History & Culture,Historic bridges of the Philippines and their architectural significance
180,Travel,History & Culture,The role of Philippine gold in ancient maritime trade
181,Travel,History & Culture,Traditional fishing methods that survived centuries in Philippine waters
182,Travel,History & Culture,Historical marketplaces that shaped Philippine commerce and culture
183,Travel,History & Culture,The development of traditional Filipino musical instruments
184,Travel,History & Culture,Ancient burial practices discovered in Philippine archaeological sites
185,Travel,History & Culture,The story of pre-colonial Philippine kingdoms and their diplomatic relations
186,Travel,History & Culture,Traditional Filipino games and their evolution through generations
187,Travel,History & Culture,Historical Philippine textiles and their significance in trade
188,Travel,History & Culture,The development of traditional Filipino pottery and ceramics
189,Travel,History & Culture,Ancient Filipino astronomical and navigation techniques
190,Travel,Outdoor Adventures,Essential survival skills and gear needed for hiking in Philippine mountain ranges
191,Travel,Outdoor Adventures,Best waterfall rappelling spots in Luzon and safety guidelines for beginners
192,Travel,Outdoor Adventures,Island hopping adventures: exploring hidden caves and lagoons in Palawan
193,Travel,Outdoor Adventures,Beginner's guide to rock climbing at Montalban and other natural formations
194,Travel,Outdoor Adventures,Wildlife encounters during night treks in Philippine forests
195,Travel,Outdoor Adventures,Mountain biking trails across Visayas: routes and difficulty levels
196,Travel,Outdoor Adventures,Camping spots near Manila for weekend wilderness escapes
197,Travel,Outdoor Adventures,River trekking adventures in Cebu's canyons and waterfalls
198,Travel,Outdoor Adventures,Sustainable outdoor practices for Philippine adventure tourism
199,Travel,Outdoor Adventures,Surfing destinations for different skill levels across Philippine islands
200,Travel,Outdoor Adventures,Best seasons for white water rafting in Cagayan River
201,Travel,Outdoor Adventures,Photography tips for capturing Philippine outdoor adventures
202,Travel,Outdoor Adventures,Local guide perspectives on mountain climbing traditions
203,Travel,Outdoor Adventures,Essential first aid skills for remote outdoor activities
204,Travel,Outdoor Adventures,Coastal cliff jumping locations and safety measures
205,Travel,Outdoor Adventures,Traditional navigation methods in Philippine wilderness
206,Travel,Outdoor Adventures,Budget-friendly camping gear alternatives for local conditions
207,Travel,Outdoor Adventures,Marine life encounters while freediving in Philippine waters
208,Travel,Outdoor Adventures,Weather patterns and their impact on outdoor activities
209,Travel,Outdoor Adventures,Team building through outdoor adventures in local settings
210,Travel,Outdoor Adventures,Natural obstacle courses in Philippine forests and mountains
211,Health,Nutrition & Diet,The role of traditional Filipino root crops in maintaining a balanced diet and managing blood sugar levels
212,Health,Nutrition & Diet,How to incorporate more protein-rich local ingredients into vegetarian Filipino meals
213,Health,Nutrition & Diet,Understanding the nutritional benefits of coconut products and their impact on heart health
214,Health,Nutrition & Diet,Budget-friendly meal planning strategies for Filipino families while maintaining optimal nutrition
215,Health,Nutrition & Diet,The connection between gut health and mental wellness through Filipino fermented foods
216,Health,Nutrition & Diet,Seasonal fruits in the Philippines and their specific health benefits throughout the year
217,Health,Nutrition & Diet,Modern adaptation of traditional Filipino cooking methods for healthier meal preparation
218,Health,Nutrition & Diet,The impact of portion control on weight management while enjoying Filipino cuisine
219,Health,Nutrition & Diet,Essential nutrients found in common Philippine seafood and their health benefits
220,Health,Nutrition & Diet,Smart substitutions for reducing sugar intake in popular Filipino desserts and drinks
221,Health,Nutrition & Diet,The role of fiber-rich Filipino vegetables in digestive health and weight management
222,Health,Nutrition & Diet,Understanding food labels: A guide for Filipino consumers making healthier choices
223,Health,Nutrition & Diet,Meal timing and its effects on metabolism for Filipino working professionals
224,Health,Nutrition & Diet,Balancing traditional Filipino breakfast options for sustained energy throughout the day
225,Health,Nutrition & Diet,Hydration strategies using local fruits and vegetables during hot Philippine weather
226,Health,Nutrition & Diet,The nutritional benefits of indigenous Philippine grains and their modern applications
227,Health,Nutrition & Diet,Managing diabetes through diet modifications while enjoying Filipino food culture
228,Health,Nutrition & Diet,Quick and nutritious Filipino lunch ideas for office workers and students
229,Health,Nutrition & Diet,The role of healthy fats in Filipino cuisine and their importance for brain health
230,Health,Nutrition & Diet,Building stronger bones: Calcium-rich Filipino food sources and their preparation
231,Health,Nutrition & Diet,Understanding emotional eating patterns and developing healthy relationships with food
232,Health,Exercise & Fitness,How traditional Filipino martial arts can improve overall fitness and body coordination
233,Health,Exercise & Fitness,Adapting home workout routines during Manila's rainy season
234,Health,Exercise & Fitness,Combining Zumba with local dance moves for effective cardio training
235,Health,Exercise & Fitness,Budget-friendly gym alternatives in urban Philippine settings
236,Health,Exercise & Fitness,The impact of tropical climate on exercise intensity and hydration needs
237,Health,Exercise & Fitness,Incorporating resistance bands for strength training in small living spaces
238,Health,Exercise & Fitness,Morning vs evening workouts: What works better in the Philippine climate
239,Health,Exercise & Fitness,Effective exercises to counter effects of long commutes and office work
240,Health,Exercise & Fitness,Building endurance for hiking popular Philippine mountains
241,Health,Exercise & Fitness,Swimming as a low-impact exercise option in a tropical country
242,Health,Exercise & Fitness,Using local parks and public spaces for effective outdoor workouts
243,Health,Exercise & Fitness,Nutrition timing for pre and post-workout in hot weather
244,Health,Exercise & Fitness,Balancing cardio and strength training for beginners
245,Health,Exercise & Fitness,Group fitness activities that build community connections
246,Health,Exercise & Fitness,Proper form and techniques for basic bodyweight exercises
247,Health,Exercise & Fitness,Creating an effective workout routine with minimal equipment
248,Health,Exercise & Fitness,Benefits of early morning exercises before the day's heat
249,Health,Exercise & Fitness,Incorporating yoga for flexibility and stress management
250,Health,Exercise & Fitness,Quick workout routines for busy professionals
251,Health,Exercise & Fitness,Safe exercise practices during high humidity conditions
252,Health,Exercise & Fitness,Building core strength through functional movement patterns
253,Health,Prevention & Wellness,Natural ways to boost immunity using common Filipino ingredients and herbs
254,Health,Prevention & Wellness,The impact of sleep quality on overall health and practical tips for better rest
255,Health,Prevention & Wellness,Workplace wellness strategies for office workers in urban Philippines
256,Health,Prevention & Wellness,Managing stress through traditional Filipino relaxation practices and modern techniques
257,Health,Prevention & Wellness,Essential vaccinations and preventive health screenings for different age groups
258,Health,Prevention & Wellness,The role of proper hydration in the tropical climate and its health benefits
259,Health,Prevention & Wellness,Ergonomic solutions for preventing body pain while working from home
260,Health,Prevention & Wellness,Air quality management at home during pollution and wildfire season
261,Health,Prevention & Wellness,Building healthy habits: incorporating exercise into daily Filipino lifestyle
262,Health,Prevention & Wellness,Prevention and management of lifestyle diseases common in the Philippines
263,Health,Prevention & Wellness,Mental wellness practices for busy urban professionals
264,Health,Prevention & Wellness,Natural methods for maintaining healthy blood pressure using local resources
265,Health,Prevention & Wellness,Nutritional strategies to prevent vitamin D deficiency despite indoor lifestyle
266,Health,Prevention & Wellness,Family wellness: creating healthy routines for Filipino households
267,Health,Prevention & Wellness,Environmental wellness: reducing exposure to toxins in daily life
268,Health,Prevention & Wellness,Digital wellness: managing screen time and preventing tech-related health issues
269,Health,Prevention & Wellness,Dental hygiene practices for long-term oral health maintenance
270,Health,Prevention & Wellness,Building resilience against common viral infections in tropical weather
271,Health,Prevention & Wellness,Maintaining joint health through proper movement and nutrition
272,Health,Prevention & Wellness,Heart health prevention strategies for young adults
273,Health,Prevention & Wellness,Eye care practices for digital age workers
274,Pets,Pet Care,"Essential grooming practices for dogs during the humid Philippine climate, including tips for managing shedding and skin issues"
275,Pets,Pet Care,How to create a safe indoor environment for cats in small urban apartments common in Manila
276,Pets,Pet Care,Budget-friendly DIY pet toys and enrichment activities using locally available materials
277,Pets,Pet Care,Common parasites affecting pets in tropical climates and preventive measures
278,Pets,Pet Care,Setting up a proper feeding schedule and nutrition plan for pets using locally available pet food brands
279,Pets,Pet Care,Training basics for Filipino dog breeds like Aspins (Asong Pinoy) and their unique characteristics
280,Pets,Pet Care,Natural remedies and first aid for common pet ailments using ingredients found in Philippine households
281,Pets,Pet Care,Creating a pet-friendly garden with safe plants common in Philippine landscapes
282,Pets,Pet Care,Managing pet anxiety during typhoon season and heavy rainfall
283,Pets,Pet Care,Cost-effective pet dental care routines and practices for long-term oral health
284,Pets,Pet Care,Socializing pets in urban environments and local pet-friendly establishments
285,Pets,Pet Care,Setting up an effective flea and tick prevention routine suitable for tropical weather
286,Pets,Pet Care,Understanding vaccination schedules and essential healthcare for pets in the Philippines
287,Pets,Pet Care,Traveling with pets within the Philippines: preparation and safety guidelines
288,Pets,Pet Care,Keeping pets cool and comfortable during intense summer heat without excessive AC use
289,Pets,Pet Care,Proper exercise routines for pets living in condominiums and limited spaces
290,Pets,Pet Care,Integrating new pets into households with existing pets: step-by-step guidance
291,Pets,Pet Care,Senior pet care adaptations for aging companions in tropical climates
292,Pets,Pet Care,Pet emergency preparedness for natural disasters common in the Philippines
293,Pets,Pet Care,Creating balanced homemade pet treats using locally sourced ingredients
294,Pets,Pet Behavior,How to train your dog to stop excessive barking in Philippine urban neighborhoods
295,Pets,Pet Behavior,Understanding and managing separation anxiety in pets during return-to-office transitions
296,Pets,Pet Behavior,Common behavioral issues in Filipino street cats adopted as pets
297,Pets,Pet Behavior,Teaching basic commands to pets using Filipino language cues
298,Pets,Pet Behavior,Preventing destructive chewing behavior in puppies during hot weather
299,Pets,Pet Behavior,How to socialize pets with children in multi-generational Filipino households
300,Pets,Pet Behavior,Managing territorial behavior between multiple pets in small living spaces
301,Pets,Pet Behavior,Reading body language signs of stress in tropical pet breeds
302,Pets,Pet Behavior,Addressing food aggression in rescued pets
303,Pets,Pet Behavior,Training pets to stay calm during typical Philippine thunderstorms
304,Pets,Pet Behavior,Helping pets adjust to condo living in metro areas
305,Pets,Pet Behavior,Breaking the habit of pets begging for table food
306,Pets,Pet Behavior,Establishing healthy sleep routines for indoor pets
307,Pets,Pet Behavior,Correcting inappropriate scratching behavior in cats
308,Pets,Pet Behavior,House training pets during rainy season challenges
309,Pets,Pet Behavior,Managing excessive grooming behavior in pets
310,Pets,Pet Behavior,Training pets to be comfortable with veterinary visits
311,Pets,Pet Behavior,Addressing attention-seeking behaviors in spoiled pets
312,Pets,Pet Behavior,Teaching pets to coexist peacefully with household helpers
313,Pets,Pet Behavior,Breaking the habit of counter surfing in kitchen areas
314,Pets,Pet Behavior,Helping pets cope with noise from neighborhood festivities
315,Pets,Pet Breeds,Comparing the temperament and care requirements of Aspin dogs versus purebred dogs as family pets
316,Pets,Pet Breeds,Top medium-sized dog breeds that thrive in Philippine urban apartments
317,Pets,Pet Breeds,Understanding the unique traits and history of Philippine native cat breeds
318,Pets,Pet Breeds,Best dog breeds for first-time pet owners in tropical climates
319,Pets,Pet Breeds,How different cat breeds adapt to the humid Philippine weather
320,Pets,Pet Breeds,Popular small dog breeds that are suitable for Filipino families with children
321,Pets,Pet Breeds,Exploring the characteristics of low-maintenance dog breeds for busy households
322,Pets,Pet Breeds,Guardian dog breeds that excel at protecting Filipino homes and properties
323,Pets,Pet Breeds,Comparing long-haired versus short-haired cat breeds for tropical environments
324,Pets,Pet Breeds,Hypoallergenic dog breeds suitable for family members with allergies
325,Pets,Pet Breeds,Understanding the personality traits of Siamese cats and their care requirements
326,Pets,Pet Breeds,Working dog breeds that perform well in Philippine rural settings
327,Pets,Pet Breeds,Most sociable cat breeds that get along well with other pets
328,Pets,Pet Breeds,Cost comparison of maintaining different purebred dog breeds in the Philippines
329,Pets,Pet Breeds,Athletic dog breeds suitable for active Filipino lifestyles
330,Pets,Pet Breeds,Common health issues in popular cat breeds and preventive measures
331,Pets,Pet Breeds,Comparing different retriever breeds as family companions
332,Pets,Pet Breeds,Smart dog breeds that excel in obedience training
333,Pets,Pet Breeds,Low-shedding cat breeds ideal for indoor living
334,Pets,Pet Breeds,Best companion dog breeds for senior citizens and retirees
335,Pets,Pet Breeds,Mixed breed dogs and their unique combination of traits and characteristics
